"Data Source","World Development Indicators",

"Last Updated Date","2025-03-24",

"Country Name","Country Code","Indicator Name","Indicator Code","1960","1961","1962","1963","1964","1965","1966","1967","1968","1969","1970","1971","1972","1973","1974","1975","1976","1977","1978","1979","1980","1981","1982","1983","1984","1985","1986","1987","1988","1989","1990","1991","1992","1993","1994","1995","1996","1997","1998","1999","2000","2001","2002","2003","2004","2005","2006","2007","2008","2009","2010","2011","2012","2013","2014","2015","2016","2017","2018","2019","2020","2021","2022","2023",
"Aruba","ABW","Women who were first married by age 15 (% of women ages 20-24)","SP.M15.2024.FE.ZS","","","","","","","","","","","","","","","","","","","","","","","","","","","","","","","","","","","","","","","","","","","","","","","","","","","","","","","","","","","","","","","","",
"Africa Eastern and Southern","AFE","Women who were first married by age 15 (% of women ages 20-24)","SP.M15.2024.FE.ZS","","","","","","","","","","","","","","","","","","","","","","","","","","","","","","","","","","","","","","","","","","","","","","","","","","","","","","","","","","","","","","","","",
"Afghanistan","AFG","Women who were first married by age 15 (% of women ages 20-24)","SP.M15.2024.FE.ZS","","","","","","","","","","","","","","","","","","","","","","","","","","","","","","","","","","","","","","","","","","","","","","","","","","","","","","","","8.8","","","","","","","","9.6",
"Africa Western and Central","AFW","Women who were first married by age 15 (% of women ages 20-24)","SP.M15.2024.FE.ZS","","","","","","","","","","","","","","","","","","","","","","","","","","","","","","","","","","","","","","","","","","","","","","","","","","","","","","","","","","","","","","","","",
"Angola","AGO","Women who were first married by age 15 (% of women ages 20-24)","SP.M15.2024.FE.ZS","","","","","","","","","","","","","","","","","","","","","","","","","","","","","","","","","","","","","","","","","","","","","","","","","","","","","","","","","7.9","","","","","","","",
"Albania","ALB","Women who were first married by age 15 (% of women ages 20-24)","SP.M15.2024.FE.ZS","","","","","","","","","","","","","","","","","","","","","","","","","","","","","","","","","","","","","","","","","","","","","","","","","","0.2","","","","","","","","","1.4","","","","","",
"Andorra","AND","Women who were first married by age 15 (% of women ages 20-24)","SP.M15.2024.FE.ZS","","","","","","","","","","","","","","","","","","","","","","","","","","","","","","","","","","","","","","","","","","","","","","","","","","","","","","","","","","","","","","","","",
"Arab World","ARB","Women who were first married by age 15 (% of women ages 20-24)","SP.M15.2024.FE.ZS","","","","","","","","","","","","","","","","","","","","","","","","","","","","","","","","","","","","","","","","","","","","","","","","","","","","","","","","","","","","","","","","",
"United Arab Emirates","ARE","Women who were first married by age 15 (% of women ages 20-24)","SP.M15.2024.FE.ZS","","","","","","","","","","","","","","","","","","","","","","","","","","","","","","","","","","","","","","","","","","","","","","","","","","","","","","","","","","","","","","","","",
"Argentina","ARG","Women who were first married by age 15 (% of women ages 20-24)","SP.M15.2024.FE.ZS","","","","","","","","","","","","","","","","","","","","","","","","","","","","","","","","","","","","","","","","","","","","","","","","","","","","","","","","","","","","","2.4","","","",
"Armenia","ARM","Women who were first married by age 15 (% of women ages 20-24)","SP.M15.2024.FE.ZS","","","","","","","","","","","","","","","","","","","","","","","","","","","","","","","","","","","","","","","","","0.8","","","","","0.3","","","","","0","","","","","","0","","","","","","","",
"American Samoa","ASM","Women who were first married by age 15 (% of women ages 20-24)","SP.M15.2024.FE.ZS","","","","","","","","","","","","","","","","","","","","","","","","","","","","","","","","","","","","","","","","","","","","","","","","","","","","","","","","","","","","","","","","",
"Antigua and Barbuda","ATG","Women who were first married by age 15 (% of women ages 20-24)","SP.M15.2024.FE.ZS","","","","","","","","","","","","","","","","","","","","","","","","","","","","","","","","","","","","","","","","","","","","","","","","","","","","","","","","","","","","","","","","",
"Australia","AUS","Women who were first married by age 15 (% of women ages 20-24)","SP.M15.2024.FE.ZS","","","","","","","","","","","","","","","","","","","","","","","","","","","","","","","","","","","","","","","","","","","","","","","","","","","","","","","","","","","","","","","","",
"Austria","AUT","Women who were first married by age 15 (% of women ages 20-24)","SP.M15.2024.FE.ZS","","","","","","","","","","","","","","","","","","","","","","","","","","","","","","","","","","","","","","","","","","","","","","","","","","","","","","","","","","","","","","","","",
"Azerbaijan","AZE","Women who were first married by age 15 (% of women ages 20-24)","SP.M15.2024.FE.ZS","","","","","","","","","","","","","","","","","","","","","","","","","","","","","","","","","","","","","","","","","","","","","","","0.7","","","","","1.9","","","","","","","","","","","","",
"Burundi","BDI","Women who were first married by age 15 (% of women ages 20-24)","SP.M15.2024.FE.ZS","","","","","","","","","","","","","","","","","","","","","","","","","","","","2.1","","","","","","","","","","","","","","","","","","","","","","","2.5","","","","","","","2.8","","","","","","",
"Belgium","BEL","Women who were first married by age 15 (% of women ages 20-24)","SP.M15.2024.FE.ZS","","","","","","","","","","","","","","","","","","","","","","","","","","","","","","","","","","","","","","","","","","","","","","","","","","","","","","","","","","","","","0","","","",
"Benin","BEN","Women who were first married by age 15 (% of women ages 20-24)","SP.M15.2024.FE.ZS","","","","","","","","","","","","","","","","","","","","","","","","","","","","","","","","","","","","","7.8","","","","","7.5","","","","","7.9","","","","","","10.5","","","","","","9.4","","","","5.9","",
"Burkina Faso","BFA","Women who were first married by age 15 (% of women ages 20-24)","SP.M15.2024.FE.ZS","","","","","","","","","","","","","","","","","","","","","","","","","","","","","","","","","","9.5","","","","","","8","","","","5.2","","","","","","","10.2","","","","","8.9","","","","","","7.8","","",
"Bangladesh","BGD","Women who were first married by age 15 (% of women ages 20-24)","SP.M15.2024.FE.ZS","","","","","","","","","","","","","","","","","","","","","","","","","","","","","","","","","","","47.2","","","46.8","","","38.2","","","","37.2","","","32.3","","","","29.1","","","22.4","","","","19.3","15.5","","","","",
"Bulgaria","BGR","Women who were first married by age 15 (% of women ages 20-24)","SP.M15.2024.FE.ZS","","","","","","","","","","","","","","","","","","","","","","","","","","","","","","","","","","","","","","","","","","","","","","","","","","","","","","","","","","","","","","","","",
"Bahrain","BHR","Women who were first married by age 15 (% of women ages 20-24)","SP.M15.2024.FE.ZS","","","","","","","","","","","","","","","","","","","","","","","","","","","","","","","","","","","","","","","","","","","","","","","","","","","","","","","","","","","","","","","","",
"Bahamas, The","BHS","Women who were first married by age 15 (% of women ages 20-24)","SP.M15.2024.FE.ZS","","","","","","","","","","","","","","","","","","","","","","","","","","","","","","","","","","","","","","","","","","","","","","","","","","","","","","","","","","","","","","","","",
"Bosnia and Herzegovina","BIH","Women who were first married by age 15 (% of women ages 20-24)","SP.M15.2024.FE.ZS","","","","","","","","","","","","","","","","","","","","","","","","","","","","","","","","","","","","","","","","","","","","","","","","","","","","","0.2","","","","","","","","","","","",
"Belarus","BLR","Women who were first married by age 15 (% of women ages 20-24)","SP.M15.2024.FE.ZS","","","","","","","","","","","","","","","","","","","","","","","","","","","","","","","","","","","","","","","","","","","","","","","","","","","","","","","","","","","","0.1","","","","",
"Belize","BLZ","Women who were first married by age 15 (% of women ages 20-24)","SP.M15.2024.FE.ZS","","","","","","","","","","","","","","","","","","","","","","","","","","","","","","","","","","","","","","","","","","","","","","","","","","","","","","","","","6.3","","","","","","","",
"Bermuda","BMU","Women who were first married by age 15 (% of women ages 20-24)","SP.M15.2024.FE.ZS","","","","","","","","","","","","","","","","","","","","","","","","","","","","","","","","","","","","","","","","","","","","","","","","","","","","","","","","","","","","","","","","",
"Bolivia","BOL","Women who were first married by age 15 (% of women ages 20-24)","SP.M15.2024.FE.ZS","","","","","","","","","","","","","","","","","","","","","","","","","","","","","","5.1","","","","","4.7","","","","2.6","","","","","3.7","","","","","3.2","","","","","","","","3.4","","","","","","","",
"Brazil","BRA","Women who were first married by age 15 (% of women ages 20-24)","SP.M15.2024.FE.ZS","","","","","","","","","","","","","","","","","","","","","","","","","","","3.7","","","","","","","","","","4.4","","","","","","","","","","5.9","","","","","","","","","","","","","","","","","",
"Barbados","BRB","Women who were first married by age 15 (% of women ages 20-24)","SP.M15.2024.FE.ZS","","","","","","","","","","","","","","","","","","","","","","","","","","","","","","","","","","","","","","","","","","","","","","","","","","","","","7.7","","","","","","","","","","","",
"Brunei Darussalam","BRN","Women who were first married by age 15 (% of women ages 20-24)","SP.M15.2024.FE.ZS","","","","","","","","","","","","","","","","","","","","","","","","","","","","","","","","","","","","","","","","","","","","","","","","","","","","","","","","","","","","","","","","",
"Bhutan","BTN","Women who were first married by age 15 (% of women ages 20-24)","SP.M15.2024.FE.ZS","","","","","","","","","","","","","","","","","","","","","","","","","","","","","","","","","","","","","","","","","","","","","","","","","","","6.2","","","","","","","","","","","","","",
"Botswana","BWA","Women who were first married by age 15 (% of women ages 20-24)","SP.M15.2024.FE.ZS","","","","","","","","","","","","","","","","","","","","","","","","","","","","","2.5","","","","","","","","","","","","","","","","","","","","","","","","","","","","","","","","","","","",
"Central African Republic","CAF","Women who were first married by age 15 (% of women ages 20-24)","SP.M15.2024.FE.ZS","","","","","","","","","","","","","","","","","","","","","","","","","","","","","","","","","","","","19.6","","","","","","","","","","","","","","","","","","","","","","","","25.8","","","","",
"Canada","CAN","Women who were first married by age 15 (% of women ages 20-24)","SP.M15.2024.FE.ZS","","","","","","","","","","","","","","","","","","","","","","","","","","","","","","","","","","","","","","","","","","","","","","","","","","","","","","","","","","","","","","","","",
"Central Europe and the Baltics","CEB","Women who were first married by age 15 (% of women ages 20-24)","SP.M15.2024.FE.ZS","","","","","","","","","","","","","","","","","","","","","","","","","","","","","","","","","","","","","","","","","","","","","","","","","","","","","","","","","","","","","","","","",
"Switzerland","CHE","Women who were first married by age 15 (% of women ages 20-24)","SP.M15.2024.FE.ZS","","","","","","","","","","","","","","","","","","","","","","","","","","","","","","","","","","","","","","","","","","","","","","","","","","","","","","","","","","","","","","","","",
"Channel Islands","CHI","Women who were first married by age 15 (% of women ages 20-24)","SP.M15.2024.FE.ZS","","","","","","","","","","","","","","","","","","","","","","","","","","","","","","","","","","","","","","","","","","","","","","","","","","","","","","","","","","","","","","","","",
"Chile","CHL","Women who were first married by age 15 (% of women ages 20-24)","SP.M15.2024.FE.ZS","","","","","","","","","","","","","","","","","","","","","","","","","","","","","","","","","","","","","","","","","","","","","","","","","","","","","","","","","","","","","","","","",
"China","CHN","Women who were first married by age 15 (% of women ages 20-24)","SP.M15.2024.FE.ZS","","","","","","","","","","","","","","","","","","","","","","","","","","","","","","","","","","","","","","","","","","","","","","","","","","","","","","","","","","","","","0.1","","","",
"Cote d'Ivoire","CIV","Women who were first married by age 15 (% of women ages 20-24)","SP.M15.2024.FE.ZS","","","","","","","","","","","","","","","","","","","","","","","","","","","","","","","","","","","13.1","","","","","9.5","","","","","","8.2","","","","","","","9.8","","","","","","","","","7.4","","",
"Cameroon","CMR","Women who were first married by age 15 (% of women ages 20-24)","SP.M15.2024.FE.ZS","","","","","","","","","","","","","","","","","","","","","","","","","","","","","","","","21.3","","","","","","","14.8","","","","","","16.5","","","","","","","13.4","","","","","","","10.7","","","","","",
"Congo, Dem. Rep.","COD","Women who were first married by age 15 (% of women ages 20-24)","SP.M15.2024.FE.ZS","","","","","","","","","","","","","","","","","","","","","","","","","","","","","","","","","","","","","","","","","","","","","","","","8.3","","","","","","","10","","","","8.4","","","","","",
"Congo, Rep.","COG","Women who were first married by age 15 (% of women ages 20-24)","SP.M15.2024.FE.ZS","","","","","","","","","","","","","","","","","","","","","","","","","","","","","","","","","","","","","","","","","","","","","","5.9","","","","6.7","","","6.1","","","6.9","","","","","","","","",
"Colombia","COL","Women who were first married by age 15 (% of women ages 20-24)","SP.M15.2024.FE.ZS","","","","","","","","","","","","","","","","","","","","","","","","","","","4.3","","","","3.1","","","","","5.7","","","","","4.1","","","","","4.4","","","","","5.6","","","","","4.9","","","","","","","","",
"Comoros","COM","Women who were first married by age 15 (% of women ages 20-24)","SP.M15.2024.FE.ZS","","","","","","","","","","","","","","","","","","","","","","","","","","","","","","","","","","","","","9.2","","","","","","","","","","","","","","","","10","","","","","","","","","","4.9","",
"Cabo Verde","CPV","Women who were first married by age 15 (% of women ages 20-24)","SP.M15.2024.FE.ZS","","","","","","","","","","","","","","","","","","","","","","","","","","","","","","","","","","","","","","","","","","","","","","","","","","","","","","","","","","","1.8","","","","","",
"Costa Rica","CRI","Women who were first married by age 15 (% of women ages 20-24)","SP.M15.2024.FE.ZS","","","","","","","","","","","","","","","","","","","","","","","","","","","","","","","","","","","","","","","","","","","","","","","","","","","","","","","","","","","2","","","","","",
"Caribbean small states","CSS","Women who were first married by age 15 (% of women ages 20-24)","SP.M15.2024.FE.ZS","","","","","","","","","","","","","","","","","","","","","","","","","","","","","","","","","","","","","","","","","","","","","","","","","","","","","","","","","","","","","","","","",
"Cuba","CUB","Women who were first married by age 15 (% of women ages 20-24)","SP.M15.2024.FE.ZS","","","","","","","","","","","","","","","","","","","","","","","","","","","","","","","","","","","","","","","","","","","","","","","","","","","","","","","","","","","","4.8","","","","",
"Curacao","CUW","Women who were first married by age 15 (% of women ages 20-24)","SP.M15.2024.FE.ZS","","","","","","","","","","","","","","","","","","","","","","","","","","","","","","","","","","","","","","","","","","","","","","","","","","","","","","","","","","","","","","","","",
"Cayman Islands","CYM","Women who were first married by age 15 (% of women ages 20-24)","SP.M15.2024.FE.ZS","","","","","","","","","","","","","","","","","","","","","","","","","","","","","","","","","","","","","","","","","","","","","","","","","","","","","","","","","","","","","","","","",
"Cyprus","CYP","Women who were first married by age 15 (% of women ages 20-24)","SP.M15.2024.FE.ZS","","","","","","","","","","","","","","","","","","","","","","","","","","","","","","","","","","","","","","","","","","","","","","","","","","","","","","","","","","","","","","","","",
"Czechia","CZE","Women who were first married by age 15 (% of women ages 20-24)","SP.M15.2024.FE.ZS","","","","","","","","","","","","","","","","","","","","","","","","","","","","","","","","","","","","","","","","","","","","","","","","","","","","","","","","","","","","","","","","",
"Germany","DEU","Women who were first married by age 15 (% of women ages 20-24)","SP.M15.2024.FE.ZS","","","","","","","","","","","","","","","","","","","","","","","","","","","","","","","","","","","","","","","","","","","","","","","","","","","","","","","","","","","","","","","","",
"Djibouti","DJI","Women who were first married by age 15 (% of women ages 20-24)","SP.M15.2024.FE.ZS","","","","","","","","","","","","","","","","","","","","","","","","","","","","","","","","","","","","","","","","","","","","","","","","","","","","","","","","","","","","1.4","","","","",
"Dominica","DMA","Women who were first married by age 15 (% of women ages 20-24)","SP.M15.2024.FE.ZS","","","","","","","","","","","","","","","","","","","","","","","","","","","","","","","","","","","","","","","","","","","","","","","","","","","","","","","","","","","","","","","","",
"Denmark","DNK","Women who were first married by age 15 (% of women ages 20-24)","SP.M15.2024.FE.ZS","","","","","","","","","","","","","","","","","","","","","","","","","","","","","","","","","","","","","","","","","","","","","","","","","","","","","","","","","","","","","","","","",
"Dominican Republic","DOM","Women who were first married by age 15 (% of women ages 20-24)","SP.M15.2024.FE.ZS","","","","","","","","","","","","","","","","","","","","","","","","","","","10.4","","","","","9","","","","","10.8","","","9.6","","","12.5","","","","","13.8","","","","","","10.2","","","","","","9.4","","","","",
"Algeria","DZA","Women who were first married by age 15 (% of women ages 20-24)","SP.M15.2024.FE.ZS","","","","","","","","","","","","","","","","","","","","","","","","","","","","","","","","","","","","","","","","","","","","","","","","","","","","","","","","","","","","0","","","","",
"East Asia & Pacific (excluding high income)","EAP","Women who were first married by age 15 (% of women ages 20-24)","SP.M15.2024.FE.ZS","","","","","","","","","","","","","","","","","","","","","","","","","","","","","","","","","","","","","","","","","","","","","","","","","","","","","","","","","","","","","","","","",
"Early-demographic dividend","EAR","Women who were first married by age 15 (% of women ages 20-24)","SP.M15.2024.FE.ZS","","","","","","","","","","","","","","","","","","","","","","","","","","","","","","","","","","","","","","","","","","","","","","","","","","","","","","","","","","","","","","","","",
"East Asia & Pacific","EAS","Women who were first married by age 15 (% of women ages 20-24)","SP.M15.2024.FE.ZS","","","","","","","","","","","","","","","","","","","","","","","","","","","","","","","","","","","","","","","","","","","","","","","","","","","","","","","","","","","","","","","","",
"Europe & Central Asia (excluding high income)","ECA","Women who were first married by age 15 (% of women ages 20-24)","SP.M15.2024.FE.ZS","","","","","","","","","","","","","","","","","","","","","","","","","","","","","","","","","","","","","","","","","","","","","","","","","","","","","","","","","","","","","","","","",
"Europe & Central Asia","ECS","Women who were first married by age 15 (% of women ages 20-24)","SP.M15.2024.FE.ZS","","","","","","","","","","","","","","","","","","","","","","","","","","","","","","","","","","","","","","","","","","","","","","","","","","","","","","","","","","","","","","","","",
"Ecuador","ECU","Women who were first married by age 15 (% of women ages 20-24)","SP.M15.2024.FE.ZS","","","","","","","","","","","","","","","","","","","","","","","","","","","","5.8","","","","","","","","","","","","","","","","","","","","","","","","","","","","","","","3.8","","","","","",
"Egypt, Arab Rep.","EGY","Women who were first married by age 15 (% of women ages 20-24)","SP.M15.2024.FE.ZS","","","","","","","","","","","","","","","","","","","","","","","","","","","","","8.9","","","","7.2","","","7.8","","","","","3.9","","","2.7","","2.5","","","2.2","","","","","","2","","","","","","","1.8","","",
"Euro area","EMU","Women who were first married by age 15 (% of women ages 20-24)","SP.M15.2024.FE.ZS","","","","","","","","","","","","","","","","","","","","","","","","","","","","","","","","","","","","","","","","","","","","","","","","","","","","","","","","","","","","","","","","",
"Eritrea","ERI","Women who were first married by age 15 (% of women ages 20-24)","SP.M15.2024.FE.ZS","","","","","","","","","","","","","","","","","","","","","","","","","","","","","","","","","","","","18.2","","","","","","","19.6","","","","","","","","12.9","","","","","","","","","","","","","",
"Spain","ESP","Women who were first married by age 15 (% of women ages 20-24)","SP.M15.2024.FE.ZS","","","","","","","","","","","","","","","","","","","","","","","","","","","","","","","","","","","","","","","","","","","","","","","","","","","","","","","","","","","","","","","","",
"Estonia","EST","Women who were first married by age 15 (% of women ages 20-24)","SP.M15.2024.FE.ZS","","","","","","","","","","","","","","","","","","","","","","","","","","","","","","","","","","","","","","","","","","","","","","","","","","","","","","","","","","","","","","","","",
"Ethiopia","ETH","Women who were first married by age 15 (% of women ages 20-24)","SP.M15.2024.FE.ZS","","","","","","","","","","","","","","","","","","","","","","","","","","","","","","","","","","","","","","","","","19.1","","","","","23.9","","","","","","16.4","","","","","14.1","","","","","","","",
"European Union","EUU","Women who were first married by age 15 (% of women ages 20-24)","SP.M15.2024.FE.ZS","","","","","","","","","","","","","","","","","","","","","","","","","","","","","","","","","","","","","","","","","","","","","","","","","","","","","","","","","","","","","","","","",
"Fragile and conflict affected situations","FCS","Women who were first married by age 15 (% of women ages 20-24)","SP.M15.2024.FE.ZS","","","","","","","","","","","","","","","","","","","","","","","","","","","","","","","","","","","","","","","","","","","","","","","","","","","","","","","","","","","","","","","","",
"Finland","FIN","Women who were first married by age 15 (% of women ages 20-24)","SP.M15.2024.FE.ZS","","","","","","","","","","","","","","","","","","","","","","","","","","","","","","","","","","","","","","","","","","","","","","","","","","","","","","","","","","","","","","","","",
"Fiji","FJI","Women who were first married by age 15 (% of women ages 20-24)","SP.M15.2024.FE.ZS","","","","","","","","","","","","","","","","","","","","","","","","","","","","","","","","","","","","","","","","","","","","","","","","","","","","","","","","","","","","","","0.2","","",
"France","FRA","Women who were first married by age 15 (% of women ages 20-24)","SP.M15.2024.FE.ZS","","","","","","","","","","","","","","","","","","","","","","","","","","","","","","","","","","","","","","","","","","","","","","","","","","","","","","","","","","","","","","","","",
"Faroe Islands","FRO","Women who were first married by age 15 (% of women ages 20-24)","SP.M15.2024.FE.ZS","","","","","","","","","","","","","","","","","","","","","","","","","","","","","","","","","","","","","","","","","","","","","","","","","","","","","","","","","","","","","","","","",
"Micronesia, Fed. Sts.","FSM","Women who were first married by age 15 (% of women ages 20-24)","SP.M15.2024.FE.ZS","","","","","","","","","","","","","","","","","","","","","","","","","","","","","","","","","","","","","","","","","","","","","","","","","","","","","","","","","","","","","","","","",
"Gabon","GAB","Women who were first married by age 15 (% of women ages 20-24)","SP.M15.2024.FE.ZS","","","","","","","","","","","","","","","","","","","","","","","","","","","","","","","","","","","","","","","","","10.8","","","","","","","","","","","","5.6","","","","","","","","","2.9","","",
"United Kingdom","GBR","Women who were first married by age 15 (% of women ages 20-24)","SP.M15.2024.FE.ZS","","","","","","","","","","","","","","","","","","","","","","","","","","","","","","","","","","","","","","","","","","","","","","","","","","","","","","","","","","","","","","","","",
"Georgia","GEO","Women who were first married by age 15 (% of women ages 20-24)","SP.M15.2024.FE.ZS","","","","","","","","","","","","","","","","","","","","","","","","","","","","","","","","","","","","","","","","","","","","","","","","","","","","","","","","","","","0.3","","","","","",
"Ghana","GHA","Women who were first married by age 15 (% of women ages 20-24)","SP.M15.2024.FE.ZS","","","","","","","","","","","","","","","","","","","","","","","","","","","","","8.7","","","","","5.7","","","","","6.8","","","","","5.9","","","","","4.9","","","","","","4.9","","","","","","","","3.3","",
"Gibraltar","GIB","Women who were first married by age 15 (% of women ages 20-24)","SP.M15.2024.FE.ZS","","","","","","","","","","","","","","","","","","","","","","","","","","","","","","","","","","","","","","","","","","","","","","","","","","","","","","","","","","","","","","","","",
"Guinea","GIN","Women who were first married by age 15 (% of women ages 20-24)","SP.M15.2024.FE.ZS","","","","","","","","","","","","","","","","","","","","","","","","","","","","","","","","","","","","","","","","27.5","","","","","","19.8","","","","","","","21.3","","","","","","17","","","","","",
"Gambia, The","GMB","Women who were first married by age 15 (% of women ages 20-24)","SP.M15.2024.FE.ZS","","","","","","","","","","","","","","","","","","","","","","","","","","","","","","","","","","","","","","","","","","","","","","","","","","","","","","9.3","","","","","","","5.6","","","",
"Guinea-Bissau","GNB","Women who were first married by age 15 (% of women ages 20-24)","SP.M15.2024.FE.ZS","","","","","","","","","","","","","","","","","","","","","","","","","","","","","","","","","","","","","","","","","","","","","","","","","","","","","","","","","","","","8.1","","","","",
"Equatorial Guinea","GNQ","Women who were first married by age 15 (% of women ages 20-24)","SP.M15.2024.FE.ZS","","","","","","","","","","","","","","","","","","","","","","","","","","","","","","","","","","","","","","","","","","","","","","","","","","","","8.6","","","","","","","","","","","","",
"Greece","GRC","Women who were first married by age 15 (% of women ages 20-24)","SP.M15.2024.FE.ZS","","","","","","","","","","","","","","","","","","","","","","","","","","","","","","","","","","","","","","","","","","","","","","","","","","","","","","","","","","","","","","","","",
"Grenada","GRD","Women who were first married by age 15 (% of women ages 20-24)","SP.M15.2024.FE.ZS","","","","","","","","","","","","","","","","","","","","","","","","","","","","","","","","","","","","","","","","","","","","","","","","","","","","","","","","","","","","","","","","",
"Greenland","GRL","Women who were first married by age 15 (% of women ages 20-24)","SP.M15.2024.FE.ZS","","","","","","","","","","","","","","","","","","","","","","","","","","","","","","","","","","","","","","","","","","","","","","","","","","","","","","","","","","","","","","","","",
"Guatemala","GTM","Women who were first married by age 15 (% of women ages 20-24)","SP.M15.2024.FE.ZS","","","","","","","","","","","","","","","","","","","","","","","","","","","","12.4","","","","","","","","10.4","","","","9.3","","","","","","","","","","","","","","","","6.2","","","","","","","","",
"Guam","GUM","Women who were first married by age 15 (% of women ages 20-24)","SP.M15.2024.FE.ZS","","","","","","","","","","","","","","","","","","","","","","","","","","","","","","","","","","","","","","","","","","","","","","","","","","","","","","","","","","","","","","","","",
"Guyana","GUY","Women who were first married by age 15 (% of women ages 20-24)","SP.M15.2024.FE.ZS","","","","","","","","","","","","","","","","","","","","","","","","","","","","","","","","","","","","","","","","","","","","","","6.5","","","","5.5","","","","","","","","","","","6.3","","","",
"High income","HIC","Women who were first married by age 15 (% of women ages 20-24)","SP.M15.2024.FE.ZS","","","","","","","","","","","","","","","","","","","","","","","","","","","","","","","","","","","","","","","","","","","","","","","","","","","","","","","","","","","","","","","","",
"Hong Kong SAR, China","HKG","Women who were first married by age 15 (% of women ages 20-24)","SP.M15.2024.FE.ZS","","","","","","","","","","","","","","","","","","","","","","","","","","","","","","","","","","","","","","","","","","","","","","","","","","","","","","","","","","","","","","","","",
"Honduras","HND","Women who were first married by age 15 (% of women ages 20-24)","SP.M15.2024.FE.ZS","","","","","","","","","","","","","","","","","","","","","","","","","","","","","","","","","","","","","","","","","","","","","","","10.8","","","","","","7.6","","","","","","","9.2","","","","",
"Heavily indebted poor countries (HIPC)","HPC","Women who were first married by age 15 (% of women ages 20-24)","SP.M15.2024.FE.ZS","","","","","","","","","","","","","","","","","","","","","","","","","","","","","","","","","","","","","","","","","","","","","","","","","","","","","","","","","","","","","","","","",
"Croatia","HRV","Women who were first married by age 15 (% of women ages 20-24)","SP.M15.2024.FE.ZS","","","","","","","","","","","","","","","","","","","","","","","","","","","","","","","","","","","","","","","","","","","","","","","","","","","","","","","","","","","","","","","","",
"Haiti","HTI","Women who were first married by age 15 (% of women ages 20-24)","SP.M15.2024.FE.ZS","","","","","","","","","","","","","","","","","","","","","","","","","","","","","","","","","","","","4.8","","","","","5.3","","","","","","5.6","","","","","","2.8","","","","","2.1","","","","","","",
"Hungary","HUN","Women who were first married by age 15 (% of women ages 20-24)","SP.M15.2024.FE.ZS","","","","","","","","","","","","","","","","","","","","","","","","","","","","","","","","","","","","","","","","","","","","","","","","","","","","","","","","","","","","","","","","",
"IBRD only","IBD","Women who were first married by age 15 (% of women ages 20-24)","SP.M15.2024.FE.ZS","","","","","","","","","","","","","","","","","","","","","","","","","","","","","","","","","","","","","","","","","","","","","","","","","","","","","","","","","","","","","","","","",
"IDA & IBRD total","IBT","Women who were first married by age 15 (% of women ages 20-24)","SP.M15.2024.FE.ZS","","","","","","","","","","","","","","","","","","","","","","","","","","","","","","","","","","","","","","","","","","","","","","","","","","","","","","","","","","","","","","","","",
"IDA total","IDA","Women who were first married by age 15 (% of women ages 20-24)","SP.M15.2024.FE.ZS","","","","","","","","","","","","","","","","","","","","","","","","","","","","","","","","","","","","","","","","","","","","","","","","","","","","","","","","","","","","","","","","",
"IDA blend","IDB","Women who were first married by age 15 (% of women ages 20-24)","SP.M15.2024.FE.ZS","","","","","","","","","","","","","","","","","","","","","","","","","","","","","","","","","","","","","","","","","","","","","","","","","","","","","","","","","","","","","","","","",
"Indonesia","IDN","Women who were first married by age 15 (% of women ages 20-24)","SP.M15.2024.FE.ZS","","","","","","","","","","","","","","","","","","","","","","","","","","","","11.3","","","","10","","","9.4","","","5.8","","","","","","4.7","","","","4.3","","","","","2.7","","","","","2","","","","","","",
"IDA only","IDX","Women who were first married by age 15 (% of women ages 20-24)","SP.M15.2024.FE.ZS","","","","","","","","","","","","","","","","","","","","","","","","","","","","","","","","","","","","","","","","","","","","","","","","","","","","","","","","","","","","","","","","",
"Isle of Man","IMN","Women who were first married by age 15 (% of women ages 20-24)","SP.M15.2024.FE.ZS","","","","","","","","","","","","","","","","","","","","","","","","","","","","","","","","","","","","","","","","","","","","","","","","","","","","","","","","","","","","","","","","",
"India","IND","Women who were first married by age 15 (% of women ages 20-24)","SP.M15.2024.FE.ZS","","","","","","","","","","","","","","","","","","","","","","","","","","","","","","","","","","17.6","","","","","","23.4","","","","","","","13.1","","","","","","","","","","5.4","","","","","4","","",
"Not classified","INX","Women who were first married by age 15 (% of women ages 20-24)","SP.M15.2024.FE.ZS","","","","","","","","","","","","","","","","","","","","","","","","","","","","","","","","","","","","","","","","","","","","","","","","","","","","","","","","","","","","","","","","",
"Ireland","IRL","Women who were first married by age 15 (% of women ages 20-24)","SP.M15.2024.FE.ZS","","","","","","","","","","","","","","","","","","","","","","","","","","","","","","","","","","","","","","","","","","","","","","","","","","","","","","","","","","","","","","","","",
"Iran, Islamic Rep.","IRN","Women who were first married by age 15 (% of women ages 20-24)","SP.M15.2024.FE.ZS","","","","","","","","","","","","","","","","","","","","","","","","","","","","","","","","","","","","","","","","","","","","","","","","","","","2.7","","","","","","","","","","","","","",
"Iraq","IRQ","Women who were first married by age 15 (% of women ages 20-24)","SP.M15.2024.FE.ZS","","","","","","","","","","","","","","","","","","","","","","","","","","","","","","","","","","","","","","","","","","","","","","","","","","","","","","","","","","","7.2","","","","","",
"Iceland","ISL","Women who were first married by age 15 (% of women ages 20-24)","SP.M15.2024.FE.ZS","","","","","","","","","","","","","","","","","","","","","","","","","","","","","","","","","","","","","","","","","","","","","","","","","","","","","","","","","","","","","","","","",
"Israel","ISR","Women who were first married by age 15 (% of women ages 20-24)","SP.M15.2024.FE.ZS","","","","","","","","","","","","","","","","","","","","","","","","","","","","","","","","","","","","","","","","","","","","","","","","","","","","","","","","","","","","","","","","",
"Italy","ITA","Women who were first married by age 15 (% of women ages 20-24)","SP.M15.2024.FE.ZS","","","","","","","","","","","","","","","","","","","","","","","","","","","","","","","","","","","","","","","","","","","","","","","","","","","","","","","","","","","","","","","","",
"Jamaica","JAM","Women who were first married by age 15 (% of women ages 20-24)","SP.M15.2024.FE.ZS","","","","","","","","","","","","","","","","","","","","","","","","","","","","","","","","","","","","","","","","","","","","","","","","","","","","1.4","","","","","","","","","","","","",
"Jordan","JOR","Women who were first married by age 15 (% of women ages 20-24)","SP.M15.2024.FE.ZS","","","","","","","","","","","","","","","","","","","","","","","","","","","","","","","2.1","","","","","","","0.9","","","","","0.9","","","","","1.1","","0.7","","","0.3","","","","","","1.5","","","","","",
"Japan","JPN","Women who were first married by age 15 (% of women ages 20-24)","SP.M15.2024.FE.ZS","","","","","","","","","","","","","","","","","","","","","","","","","","","","","","","","","","","","","","","","","","","","","","","","","","","","","","","","","","","","","","","","",
"Kazakhstan","KAZ","Women who were first married by age 15 (% of women ages 20-24)","SP.M15.2024.FE.ZS","","","","","","","","","","","","","","","","","","","","","","","","","","","","","","","","","","","","0.4","","","","0.3","","","","","","","","","","","","","","","","0.2","","","","","","","","",
"Kenya","KEN","Women who were first married by age 15 (% of women ages 20-24)","SP.M15.2024.FE.ZS","","","","","","","","","","","","","","","","","","","","","","","","","","","","","","5.6","","","","5.4","","","","","5.2","","","","","3.8","","","","","","6.2","","","","","4.4","","","","","","","","2.2","",
"Kyrgyz Republic","KGZ","Women who were first married by age 15 (% of women ages 20-24)","SP.M15.2024.FE.ZS","","","","","","","","","","","","","","","","","","","","","","","","","","","","","","","","","","","","","","0.1","","","","","","","","","","","","","","","0.1","","","","","","0.3","","","","","",
"Cambodia","KHM","Women who were first married by age 15 (% of women ages 20-24)","SP.M15.2024.FE.ZS","","","","","","","","","","","","","","","","","","","","","","","","","","","","","","","","","","","","","","","","","3.3","","","","","2.5","","","","","2.1","","","","1.9","","","","","","","","1.9","",
"Kiribati","KIR","Women who were first married by age 15 (% of women ages 20-24)","SP.M15.2024.FE.ZS","","","","","","","","","","","","","","","","","","","","","","","","","","","","","","","","","","","","","","","","","","","","","","","","","","","","","","","","","","","","2.4","","","","",
"St. Kitts and Nevis","KNA","Women who were first married by age 15 (% of women ages 20-24)","SP.M15.2024.FE.ZS","","","","","","","","","","","","","","","","","","","","","","","","","","","","","","","","","","","","","","","","","","","","","","","","","","","","","","","","","","","","","","","","",
"Korea, Rep.","KOR","Women who were first married by age 15 (% of women ages 20-24)","SP.M15.2024.FE.ZS","","","","","","","","","","","","","","","","","","","","","","","","","","","","","","","","","","","","","","","","","","","","","","","","","","","","","","","","","","","","","","","","",
"Kuwait","KWT","Women who were first married by age 15 (% of women ages 20-24)","SP.M15.2024.FE.ZS","","","","","","","","","","","","","","","","","","","","","","","","","","","","","","","","","","","","","","","","","","","","","","","","","","","","","","","","","","","","","","","","",
"Latin America & Caribbean (excluding high income)","LAC","Women who were first married by age 15 (% of women ages 20-24)","SP.M15.2024.FE.ZS","","","","","","","","","","","","","","","","","","","","","","","","","","","","","","","","","","","","","","","","","","","","","","","","","","","","","","","","","","","","","","","","",
"Lao PDR","LAO","Women who were first married by age 15 (% of women ages 20-24)","SP.M15.2024.FE.ZS","","","","","","","","","","","","","","","","","","","","","","","","","","","","","","","","","","","","","","","","","","","","","","","","","","","","","","","","","","7.1","","","","","","",
"Lebanon","LBN","Women who were first married by age 15 (% of women ages 20-24)","SP.M15.2024.FE.ZS","","","","","","","","","","","","","","","","","","","","","","","","","","","","","","","","","","","","","","","","","","","","","","","","","","","","","","","","","1.4","","","","","","","",
"Liberia","LBR","Women who were first married by age 15 (% of women ages 20-24)","SP.M15.2024.FE.ZS","","","","","","","","","","","","","","","","","","","","","","","","","","","16.6","","","","","","","","","","","","","","","","","","","","","10.8","","","","","","8.8","","","","","","","5.8","","","",
"Libya","LBY","Women who were first married by age 15 (% of women ages 20-24)","SP.M15.2024.FE.ZS","","","","","","","","","","","","","","","","","","","","","","","","","","","","","","","","","","","","","","","","","","","","","","","","","","","","","","","","","","","","","","","","",
"St. Lucia","LCA","Women who were first married by age 15 (% of women ages 20-24)","SP.M15.2024.FE.ZS","","","","","","","","","","","","","","","","","","","","","","","","","","","","","","","","","","","","","","","","","","","","","","","","","","","","","3.7","","","","","","","","","","","",
"Latin America & Caribbean","LCN","Women who were first married by age 15 (% of women ages 20-24)","SP.M15.2024.FE.ZS","","","","","","","","","","","","","","","","","","","","","","","","","","","","","","","","","","","","","","","","","","","","","","","","","","","","","","","","","","","","","","","","",
"Least developed countries: UN classification","LDC","Women who were first married by age 15 (% of women ages 20-24)","SP.M15.2024.FE.ZS","","","","","","","","","","","","","","","","","","","","","","","","","","","","","","","","","","","","","","","","","","","","","","","","","","","","","","","","","","","","","","","","",
"Low income","LIC","Women who were first married by age 15 (% of women ages 20-24)","SP.M15.2024.FE.ZS","","","","","","","","","","","","","","","","","","","","","","","","","","","","","","","","","","","","","","","","","","","","","","","","","","","","","","","","","","","","","","","","",
"Liechtenstein","LIE","Women who were first married by age 15 (% of women ages 20-24)","SP.M15.2024.FE.ZS","","","","","","","","","","","","","","","","","","","","","","","","","","","","","","","","","","","","","","","","","","","","","","","","","","","","","","","","","","","","","","","","",
"Sri Lanka","LKA","Women who were first married by age 15 (% of women ages 20-24)","SP.M15.2024.FE.ZS","","","","","","","","","","","","","","","","","","","","","","","","","","","","1.1","","","","","","","","","","","","","","","","","","","","","","","","","","","","","0.9","","","","","","","",
"Lower middle income","LMC","Women who were first married by age 15 (% of women ages 20-24)","SP.M15.2024.FE.ZS","","","","","","","","","","","","","","","","","","","","","","","","","","","","","","","","","","","","","","","","","","","","","","","","","","","","","","","","","","","","","","","","",
"Low & middle income","LMY","Women who were first married by age 15 (% of women ages 20-24)","SP.M15.2024.FE.ZS","","","","","","","","","","","","","","","","","","","","","","","","","","","","","","","","","","","","","","","","","","","","","","","","","","","","","","","","","","","","","","","","",
"Lesotho","LSO","Women who were first married by age 15 (% of women ages 20-24)","SP.M15.2024.FE.ZS","","","","","","","","","","","","","","","","","","","","","","","","","","","","","","","","","","","","","","","","","","","","","2.5","","","","","2.3","","","","","1","","","","1","","","","","",
"Late-demographic dividend","LTE","Women who were first married by age 15 (% of women ages 20-24)","SP.M15.2024.FE.ZS","","","","","","","","","","","","","","","","","","","","","","","","","","","","","","","","","","","","","","","","","","","","","","","","","","","","","","","","","","","","","","","","",
"Lithuania","LTU","Women who were first married by age 15 (% of women ages 20-24)","SP.M15.2024.FE.ZS","","","","","","","","","","","","","","","","","","","","","","","","","","","","","","","","","","","","","","","","","","","","","","","","","","","","","","","","","","","","","","","0","",
"Luxembourg","LUX","Women who were first married by age 15 (% of women ages 20-24)","SP.M15.2024.FE.ZS","","","","","","","","","","","","","","","","","","","","","","","","","","","","","","","","","","","","","","","","","","","","","","","","","","","","","","","","","","","","","","","","",
"Latvia","LVA","Women who were first married by age 15 (% of women ages 20-24)","SP.M15.2024.FE.ZS","","","","","","","","","","","","","","","","","","","","","","","","","","","","","","","","","","","","","","","","","","","","","","","","","","","","","","","","","","","","","","","","",
"Macao SAR, China","MAC","Women who were first married by age 15 (% of women ages 20-24)","SP.M15.2024.FE.ZS","","","","","","","","","","","","","","","","","","","","","","","","","","","","","","","","","","","","","","","","","","","","","","","","","","","","","","","","","","","","","","","","",
"St. Martin (French part)","MAF","Women who were first married by age 15 (% of women ages 20-24)","SP.M15.2024.FE.ZS","","","","","","","","","","","","","","","","","","","","","","","","","","","","","","","","","","","","","","","","","","","","","","","","","","","","","","","","","","","","","","","","",
"Morocco","MAR","Women who were first married by age 15 (% of women ages 20-24)","SP.M15.2024.FE.ZS","","","","","","","","","","","","","","","","","","","","","","","","","","","","6.5","","","","","2.8","","","","","","","","","","","","2.5","","","","","","","","","","","","","","0.5","","","","","",
"Monaco","MCO","Women who were first married by age 15 (% of women ages 20-24)","SP.M15.2024.FE.ZS","","","","","","","","","","","","","","","","","","","","","","","","","","","","","","","","","","","","","","","","","","","","","","","","","","","","","","","","","","","","","","","","",
"Moldova","MDA","Women who were first married by age 15 (% of women ages 20-24)","SP.M15.2024.FE.ZS","","","","","","","","","","","","","","","","","","","","","","","","","","","","","","","","","","","","","","","","","","","","","","0.5","","","","","","","0.4","","","","","","","","","","","",
"Madagascar","MDG","Women who were first married by age 15 (% of women ages 20-24)","SP.M15.2024.FE.ZS","","","","","","","","","","","","","","","","","","","","","","","","","","","","","","","","","8.6","","","","","12.5","","","","","","","8.4","","","","","14.4","","","","","","","","","","","","12.7","","",
"Maldives","MDV","Women who were first married by age 15 (% of women ages 20-24)","SP.M15.2024.FE.ZS","","","","","","","","","","","","","","","","","","","","","","","","","","","","","","","","","","","","","","","","","","","","","","","","","","0.3","","","","","","","","0","","","","","","",
"Middle East & North Africa","MEA","Women who were first married by age 15 (% of women ages 20-24)","SP.M15.2024.FE.ZS","","","","","","","","","","","","","","","","","","","","","","","","","","","","","","","","","","","","","","","","","","","","","","","","","","","","","","","","","","","","","","","","",
"Mexico","MEX","Women who were first married by age 15 (% of women ages 20-24)","SP.M15.2024.FE.ZS","","","","","","","","","","","","","","","","","","","","","","","","","","","","6.2","","","","","","","","","","","","","","","","","","","","","","","","","","","","","","","3.6","","","","","",
"Marshall Islands","MHL","Women who were first married by age 15 (% of women ages 20-24)","SP.M15.2024.FE.ZS","","","","","","","","","","","","","","","","","","","","","","","","","","","","","","","","","","","","","","","","","","","","","","","","5.5","","","","","","","","","","","","","","","","",
"Middle income","MIC","Women who were first married by age 15 (% of women ages 20-24)","SP.M15.2024.FE.ZS","","","","","","","","","","","","","","","","","","","","","","","","","","","","","","","","","","","","","","","","","","","","","","","","","","","","","","","","","","","","","","","","",
"North Macedonia","MKD","Women who were first married by age 15 (% of women ages 20-24)","SP.M15.2024.FE.ZS","","","","","","","","","","","","","","","","","","","","","","","","","","","","","","","","","","","","","","","","","","","","","","","","","","","","","","","","","","","","0.3","","","","",
"Mali","MLI","Women who were first married by age 15 (% of women ages 20-24)","SP.M15.2024.FE.ZS","","","","","","","","","","","","","","","","","","","","","","","","","","","","27.1","","","","","","","","","19.2","","","","","24.5","","","","","24.6","","","","","","","22.8","","","","","15.9","","","","","",
"Malta","MLT","Women who were first married by age 15 (% of women ages 20-24)","SP.M15.2024.FE.ZS","","","","","","","","","","","","","","","","","","","","","","","","","","","","","","","","","","","","","","","","","","","","","","","","","","","","","","","","","","","","","","","","",
"Myanmar","MMR","Women who were first married by age 15 (% of women ages 20-24)","SP.M15.2024.FE.ZS","","","","","","","","","","","","","","","","","","","","","","","","","","","","","","","","","","","","","","","","","","","","","","","","","","","","","","","","","1.9","","","","","","","",
"Middle East & North Africa (excluding high income)","MNA","Women who were first married by age 15 (% of women ages 20-24)","SP.M15.2024.FE.ZS","","","","","","","","","","","","","","","","","","","","","","","","","","","","","","","","","","","","","","","","","","","","","","","","","","","","","","","","","","","","","","","","",
"Montenegro","MNE","Women who were first married by age 15 (% of women ages 20-24)","SP.M15.2024.FE.ZS","","","","","","","","","","","","","","","","","","","","","","","","","","","","","","","","","","","","","","","","","","","","","","","","","","","","","","","","","","","1.9","","","","","",
"Mongolia","MNG","Women who were first married by age 15 (% of women ages 20-24)","SP.M15.2024.FE.ZS","","","","","","","","","","","","","","","","","","","","","","","","","","","","","","","","","","","","","","","","","","","","","","","","","","","","","","","","","","","0.9","","","","","",
"Northern Mariana Islands","MNP","Women who were first married by age 15 (% of women ages 20-24)","SP.M15.2024.FE.ZS","","","","","","","","","","","","","","","","","","","","","","","","","","","","","","","","","","","","","","","","","","","","","","","","","","","","","","","","","","","","","","","","",
"Mozambique","MOZ","Women who were first married by age 15 (% of women ages 20-24)","SP.M15.2024.FE.ZS","","","","","","","","","","","","","","","","","","","","","","","","","","","","","","","","","","","","","","21.5","","","","","","18.3","","","","","","20.9","","14.3","","","","16.8","","","","","","","","12.9",
"Mauritania","MRT","Women who were first married by age 15 (% of women ages 20-24)","SP.M15.2024.FE.ZS","","","","","","","","","","","","","","","","","","","","","","","","","","","","","","","","","","","","","","","","","","20.8","","","","","","","","","","","","","","","","","","","","15.5","","",
"Mauritius","MUS","Women who were first married by age 15 (% of women ages 20-24)","SP.M15.2024.FE.ZS","","","","","","","","","","","","","","","","","","","","","","","","","","","","","","","","","","","","","","","","","","","","","","","","","","","","","","","","","","","","","","","","",
"Malawi","MWI","Women who were first married by age 15 (% of women ages 20-24)","SP.M15.2024.FE.ZS","","","","","","","","","","","","","","","","","","","","","","","","","","","","","","","","","14.8","","","","","","","","10.2","","","","10.7","","","","","","11.7","","","","","","9","","","","7.5","","","",
"Malaysia","MYS","Women who were first married by age 15 (% of women ages 20-24)","SP.M15.2024.FE.ZS","","","","","","","","","","","","","","","","","","","","","","","","","","","","","","","","","","","","","","","","","","","","","","","","","","","","","","","","","","","","","","","","",
"North America","NAC","Women who were first married by age 15 (% of women ages 20-24)","SP.M15.2024.FE.ZS","","","","","","","","","","","","","","","","","","","","","","","","","","","","","","","","","","","","","","","","","","","","","","","","","","","","","","","","","","","","","","","","",
"Namibia","NAM","Women who were first married by age 15 (% of women ages 20-24)","SP.M15.2024.FE.ZS","","","","","","","","","","","","","","","","","","","","","","","","","","","","","","","","","1.6","","","","","","","","2.2","","","","","","","2.5","","","","","","1.6","","","","","","","","","","",
"New Caledonia","NCL","Women who were first married by age 15 (% of women ages 20-24)","SP.M15.2024.FE.ZS","","","","","","","","","","","","","","","","","","","","","","","","","","","","","","","","","","","","","","","","","","","","","","","","","","","","","","","","","","","","","","","","",
"Niger","NER","Women who were first married by age 15 (% of women ages 20-24)","SP.M15.2024.FE.ZS","","","","","","","","","","","","","","","","","","","","","","","","","","","","","","","","","50.3","","","","","","35.1","","","","","","","","36.1","","","","","","28","","","","","","","","","","","",
"Nigeria","NGA","Women who were first married by age 15 (% of women ages 20-24)","SP.M15.2024.FE.ZS","","","","","","","","","","","","","","","","","","","","","","","","","","","","","","","26.7","","","","","","","","","","","","","18.8","","","","","16.4","","","","","17.3","","","","","15.7","","","12.3","","",
"Nicaragua","NIC","Women who were first married by age 15 (% of women ages 20-24)","SP.M15.2024.FE.ZS","","","","","","","","","","","","","","","","","","","","","","","","","","","","","","","","","","","","","","","16","","","13.3","","","","","","","","","","","9.7","","","","","","","","","","","",
"Netherlands","NLD","Women who were first married by age 15 (% of women ages 20-24)","SP.M15.2024.FE.ZS","","","","","","","","","","","","","","","","","","","","","","","","","","","","","","","","","","","","","","","","","","","","","","","","","","","","","","","","","","","","","","","","",
"Norway","NOR","Women who were first married by age 15 (% of women ages 20-24)","SP.M15.2024.FE.ZS","","","","","","","","","","","","","","","","","","","","","","","","","","","","","","","","","","","","","","","","","","","","","","","","","","","","","","","","","","","","","","","0","",
"Nepal","NPL","Women who were first married by age 15 (% of women ages 20-24)","SP.M15.2024.FE.ZS","","","","","","","","","","","","","","","","","","","","","","","","","","","","","","","","","","","","","19.1","","","","","14.1","","","","","10.2","","","","","10.1","","","","","7","","","","","","5.8","",
"Nauru","NRU","Women who were first married by age 15 (% of women ages 20-24)","SP.M15.2024.FE.ZS","","","","","","","","","","","","","","","","","","","","","","","","","","","","","","","","","","","","","","","","","","","","","","","","1.9","","","","","","","","","","","","","","","","",
"New Zealand","NZL","Women who were first married by age 15 (% of women ages 20-24)","SP.M15.2024.FE.ZS","","","","","","","","","","","","","","","","","","","","","","","","","","","","","","","","","","","","","","","","","","","","","","","","","","","","","","","","","","","","","","","","",
"OECD members","OED","Women who were first married by age 15 (% of women ages 20-24)","SP.M15.2024.FE.ZS","","","","","","","","","","","","","","","","","","","","","","","","","","","","","","","","","","","","","","","","","","","","","","","","","","","","","","","","","","","","","","","","",
"Oman","OMN","Women who were first married by age 15 (% of women ages 20-24)","SP.M15.2024.FE.ZS","","","","","","","","","","","","","","","","","","","","","","","","","","","","","","","","","","","","","","","","","","","","","","","","","","","","","","","1.2","","","","","","","","","",
"Other small states","OSS","Women who were first married by age 15 (% of women ages 20-24)","SP.M15.2024.FE.ZS","","","","","","","","","","","","","","","","","","","","","","","","","","","","","","","","","","","","","","","","","","","","","","","","","","","","","","","","","","","","","","","","",
"Pakistan","PAK","Women who were first married by age 15 (% of women ages 20-24)","SP.M15.2024.FE.ZS","","","","","","","","","","","","","","","","","","","","","","","","","","","","","","","","11.4","","","","","","","","","","","","","","","","6.7","","","","","","2.8","","","","","3.6","","","","","",
"Panama","PAN","Women who were first married by age 15 (% of women ages 20-24)","SP.M15.2024.FE.ZS","","","","","","","","","","","","","","","","","","","","","","","","","","","","","","","","","","","","","","","","","","","","","","","","","","","","","","6.8","","","","","","","","","","",
"Peru","PER","Women who were first married by age 15 (% of women ages 20-24)","SP.M15.2024.FE.ZS","","","","","","","","","","","","","","","","","","","","","","","","","","","2.3","","","","","","2.9","","","","3.9","","","","3.4","","","","","","2.7","","3.3","3.4","3","2.6","2.5","","","","","","","","2","","","",
"Philippines","PHL","Women who were first married by age 15 (% of women ages 20-24)","SP.M15.2024.FE.ZS","","","","","","","","","","","","","","","","","","","","","","","","","","","","","","","","","","1.9","","","","","2","","","","","1.5","","","","","2.1","","","","","2","","","","2.2","","","","","1.5","",
"Palau","PLW","Women who were first married by age 15 (% of women ages 20-24)","SP.M15.2024.FE.ZS","","","","","","","","","","","","","","","","","","","","","","","","","","","","","","","","","","","","","","","","","","","","","","","","","","","","","","","","","","","","","","","","",
"Papua New Guinea","PNG","Women who were first married by age 15 (% of women ages 20-24)","SP.M15.2024.FE.ZS","","","","","","","","","","","","","","","","","","","","","","","","","","","","","","","","","","","","","","","","","","","","","","","","","","","","","","","","","","","8","","","","","",
"Poland","POL","Women who were first married by age 15 (% of women ages 20-24)","SP.M15.2024.FE.ZS","","","","","","","","","","","","","","","","","","","","","","","","","","","","","","","","","","","","","","","","","","","","","","","","","","","","","","","","","","","","","","","","",
"Pre-demographic dividend","PRE","Women who were first married by age 15 (% of women ages 20-24)","SP.M15.2024.FE.ZS","","","","","","","","","","","","","","","","","","","","","","","","","","","","","","","","","","","","","","","","","","","","","","","","","","","","","","","","","","","","","","","","",
"Puerto Rico","PRI","Women who were first married by age 15 (% of women ages 20-24)","SP.M15.2024.FE.ZS","","","","","","","","","","","","","","","","","","","","","","","","","","","","","","","","","","","","","","","","","","","","","","","","","","","","","","","","","","","","","","","","",
"Korea, Dem. People's Rep.","PRK","Women who were first married by age 15 (% of women ages 20-24)","SP.M15.2024.FE.ZS","","","","","","","","","","","","","","","","","","","","","","","","","","","","","","","","","","","","","","","","","","","","","","","","","","","","","","","","","","0","","","","","","",
"Portugal","PRT","Women who were first married by age 15 (% of women ages 20-24)","SP.M15.2024.FE.ZS","","","","","","","","","","","","","","","","","","","","","","","","","","","","","","","","","","","","","","","","","","","","","","","","","","","","","","","","","","","","","","","","",
"Paraguay","PRY","Women who were first married by age 15 (% of women ages 20-24)","SP.M15.2024.FE.ZS","","","","","","","","","","","","","","","","","","","","","","","","","","","","","","","3.1","","","","","","","","","","","","","","","","","","","","","","","","","","3.6","","","","","","","",
"West Bank and Gaza","PSE","Women who were first married by age 15 (% of women ages 20-24)","SP.M15.2024.FE.ZS","","","","","","","","","","","","","","","","","","","","","","","","","","","","","","","","","","","","","","","","","","","","","","","","","","","","","","","","","","","","","0.7","","","",
"Pacific island small states","PSS","Women who were first married by age 15 (% of women ages 20-24)","SP.M15.2024.FE.ZS","","","","","","","","","","","","","","","","","","","","","","","","","","","","","","","","","","","","","","","","","","","","","","","","","","","","","","","","","","","","","","","","",
"Post-demographic dividend","PST","Women who were first married by age 15 (% of women ages 20-24)","SP.M15.2024.FE.ZS","","","","","","","","","","","","","","","","","","","","","","","","","","","","","","","","","","","","","","","","","","","","","","","","","","","","","","","","","","","","","","","","",
"French Polynesia","PYF","Women who were first married by age 15 (% of women ages 20-24)","SP.M15.2024.FE.ZS","","","","","","","","","","","","","","","","","","","","","","","","","","","","","","","","","","","","","","","","","","","","","","","","","","","","","","","","","","","","","","","","",
"Qatar","QAT","Women who were first married by age 15 (% of women ages 20-24)","SP.M15.2024.FE.ZS","","","","","","","","","","","","","","","","","","","","","","","","","","","","","","","","","","","","","","","","","","","","","","","","","","","","","0","","","","","","","","","","","",
"Romania","ROU","Women who were first married by age 15 (% of women ages 20-24)","SP.M15.2024.FE.ZS","","","","","","","","","","","","","","","","","","","","","","","","","","","","","","","","","","","","","","","","","","","","","","","","","","","","","","","","","","","","","","0.5","","",
"Russian Federation","RUS","Women who were first married by age 15 (% of women ages 20-24)","SP.M15.2024.FE.ZS","","","","","","","","","","","","","","","","","","","","","","","","","","","","","","","","","","","","","","","","","","","","","","","","","","","","","","","","","","0.3","","","","","","",
"Rwanda","RWA","Women who were first married by age 15 (% of women ages 20-24)","SP.M15.2024.FE.ZS","","","","","","","","","","","","","","","","","","","","","","","","","","","","","","","","","1.4","","","","","","","","2.1","","","","","1.1","","","","","0.8","","","","","0.4","","","","","0.3","","","",
"South Asia","SAS","Women who were first married by age 15 (% of women ages 20-24)","SP.M15.2024.FE.ZS","","","","","","","","","","","","","","","","","","","","","","","","","","","","","","","","","","","","","","","","","","","","","","","","","","","","","","","","","","","","","","","","",
"Saudi Arabia","SAU","Women who were first married by age 15 (% of women ages 20-24)","SP.M15.2024.FE.ZS","","","","","","","","","","","","","","","","","","","","","","","","","","","","","","","","","","","","","","","","","","","","","","","","","","","","","","","","","","","","","","","","",
"Sudan","SDN","Women who were first married by age 15 (% of women ages 20-24)","SP.M15.2024.FE.ZS","","","","","","","","","","","","","","","","","","","","","","","","","","","","","","","11.5","","","","","","","","","","","","","","","","","","","","","","","","11.9","","","","","","","","","",
"Senegal","SEN","Women who were first married by age 15 (% of women ages 20-24)","SP.M15.2024.FE.ZS","","","","","","","","","","","","","","","","","","","","","","","","","","","15.4","","","","","","","14.8","","","","11","","","","","","","","9.7","","","","","","12","","8.6","8.7","8.5","7.9","8.4","7.8","8.8","","","","",
"Singapore","SGP","Women who were first married by age 15 (% of women ages 20-24)","SP.M15.2024.FE.ZS","","","","","","","","","","","","","","","","","","","","","","","","","","","","","","","","","","","","","","","","","","","","","","","","","","","","","","","","","","","","","","","","0",
"Solomon Islands","SLB","Women who were first married by age 15 (% of women ages 20-24)","SP.M15.2024.FE.ZS","","","","","","","","","","","","","","","","","","","","","","","","","","","","","","","","","","","","","","","","","","","","","","","","","","","","","","","","5.6","","","","","","","","",
"Sierra Leone","SLE","Women who were first married by age 15 (% of women ages 20-24)","SP.M15.2024.FE.ZS","","","","","","","","","","","","","","","","","","","","","","","","","","","","","","","","","","","","","","","","","","","","","","","","","19.3","","","","","12.5","","","","","","8.6","","","","",
"El Salvador","SLV","Women who were first married by age 15 (% of women ages 20-24)","SP.M15.2024.FE.ZS","","","","","","","","","","","","","","","","","","","","","","","","","","6.2","","","","","","","","","","","","","","","","","","","","","","","","","","","","","","","","","","","","4.3","","",
"San Marino","SMR","Women who were first married by age 15 (% of women ages 20-24)","SP.M15.2024.FE.ZS","","","","","","","","","","","","","","","","","","","","","","","","","","","","","","","","","","","","","","","","","","","","","","","","","","","","","","","","","","","","","","","","",
"Somalia","SOM","Women who were first married by age 15 (% of women ages 20-24)","SP.M15.2024.FE.ZS","","","","","","","","","","","","","","","","","","","","","","","","","","","","","","","","","","","","","","","","","","","","","","","8.4","","","","","","","","","","","","","","","","","",
"Serbia","SRB","Women who were first married by age 15 (% of women ages 20-24)","SP.M15.2024.FE.ZS","","","","","","","","","","","","","","","","","","","","","","","","","","","","","","","","","","","","","","","","","","","","","","","","","","","","","","","","","","","","1.2","","","","",
"Sub-Saharan Africa (excluding high income)","SSA","Women who were first married by age 15 (% of women ages 20-24)","SP.M15.2024.FE.ZS","","","","","","","","","","","","","","","","","","","","","","","","","","","","","","","","","","","","","","","","","","","","","","","","","","","","","","","","","","","","","","","","",
"South Sudan","SSD","Women who were first married by age 15 (% of women ages 20-24)","SP.M15.2024.FE.ZS","","","","","","","","","","","","","","","","","","","","","","","","","","","","","","","","","","","","","","","","","","","","","","","","","","","8.9","","","","","","","","","","","","","",
"Sub-Saharan Africa","SSF","Women who were first married by age 15 (% of women ages 20-24)","SP.M15.2024.FE.ZS","","","","","","","","","","","","","","","","","","","","","","","","","","","","","","","","","","","","","","","","","","","","","","","","","","","","","","","","","","","","","","","","",
"Small states","SST","Women who were first married by age 15 (% of women ages 20-24)","SP.M15.2024.FE.ZS","","","","","","","","","","","","","","","","","","","","","","","","","","","","","","","","","","","","","","","","","","","","","","","","","","","","","","","","","","","","","","","","",
"Sao Tome and Principe","STP","Women who were first married by age 15 (% of women ages 20-24)","SP.M15.2024.FE.ZS","","","","","","","","","","","","","","","","","","","","","","","","","","","","","","","","","","","","","","","","","","","","","","","","","","5","","","","","","","","","","5.4","","","","",
"Suriname","SUR","Women who were first married by age 15 (% of women ages 20-24)","SP.M15.2024.FE.ZS","","","","","","","","","","","","","","","","","","","","","","","","","","","","","","","","","","","","","","","","","","","","","","","","","","","","","","","","","","","8.8","","","","","",
"Slovak Republic","SVK","Women who were first married by age 15 (% of women ages 20-24)","SP.M15.2024.FE.ZS","","","","","","","","","","","","","","","","","","","","","","","","","","","","","","","","","","","","","","","","","","","","","","","","","","","","","","","","","","","","","","","","",
"Slovenia","SVN","Women who were first married by age 15 (% of women ages 20-24)","SP.M15.2024.FE.ZS","","","","","","","","","","","","","","","","","","","","","","","","","","","","","","","","","","","","","","","","","","","","","","","","","","","","","","","","","","","","","","","","",
"Sweden","SWE","Women who were first married by age 15 (% of women ages 20-24)","SP.M15.2024.FE.ZS","","","","","","","","","","","","","","","","","","","","","","","","","","","","","","","","","","","","","","","","","","","","","","","","","","","","","","","","","","","","","","","","",
"Eswatini","SWZ","Women who were first married by age 15 (% of women ages 20-24)","SP.M15.2024.FE.ZS","","","","","","","","","","","","","","","","","","","","","","","","","","","","","","","","","","","","","","","","","","","","","","","","1","","","","","","","","","","","","","","","0.1","",
"Sint Maarten (Dutch part)","SXM","Women who were first married by age 15 (% of women ages 20-24)","SP.M15.2024.FE.ZS","","","","","","","","","","","","","","","","","","","","","","","","","","","","","","","","","","","","","","","","","","","","","","","","","","","","","","","","","","","","","","","","",
"Seychelles","SYC","Women who were first married by age 15 (% of women ages 20-24)","SP.M15.2024.FE.ZS","","","","","","","","","","","","","","","","","","","","","","","","","","","","","","","","","","","","","","","","","","","","","","","","","","","","","","","","","","","","","","","","",
"Syrian Arab Republic","SYR","Women who were first married by age 15 (% of women ages 20-24)","SP.M15.2024.FE.ZS","","","","","","","","","","","","","","","","","","","","","","","","","","","","","","","","","","","","","","","","","","","","","","","2.5","","","","","","","","","","","","","","","","","",
"Turks and Caicos Islands","TCA","Women who were first married by age 15 (% of women ages 20-24)","SP.M15.2024.FE.ZS","","","","","","","","","","","","","","","","","","","","","","","","","","","","","","","","","","","","","","","","","","","","","","","","","","","","","","","","","","","","","0","","","",
"Chad","TCD","Women who were first married by age 15 (% of women ages 20-24)","SP.M15.2024.FE.ZS","","","","","","","","","","","","","","","","","","","","","","","","","","","","","","","","","","","","","","28.6","","","","","","","34.5","","","","","","","","","","","29.7","","","","24.2","","","","",
"East Asia & Pacific (IDA & IBRD countries)","TEA","Women who were first married by age 15 (% of women ages 20-24)","SP.M15.2024.FE.ZS","","","","","","","","","","","","","","","","","","","","","","","","","","","","","","","","","","","","","","","","","","","","","","","","","","","","","","","","","","","","","","","","",
"Europe & Central Asia (IDA & IBRD countries)","TEC","Women who were first married by age 15 (% of women ages 20-24)","SP.M15.2024.FE.ZS","","","","","","","","","","","","","","","","","","","","","","","","","","","","","","","","","","","","","","","","","","","","","","","","","","","","","","","","","","","","","","","","",
"Togo","TGO","Women who were first married by age 15 (% of women ages 20-24)","SP.M15.2024.FE.ZS","","","","","","","","","","","","","","","","","","","","","","","","","","","","","10.4","","","","","","","","","","8.3","","","","","","","","","","","","","","","","5.5","","","6.4","","","","","","",
"Thailand","THA","Women who were first married by age 15 (% of women ages 20-24)","SP.M15.2024.FE.ZS","","","","","","","","","","","","","","","","","","","","","","","","","","","","2.4","","","","","","","","","","","","","","","","","","","","","","","","","","","","","","","","","","","5.5","",
"Tajikistan","TJK","Women who were first married by age 15 (% of women ages 20-24)","SP.M15.2024.FE.ZS","","","","","","","","","","","","","","","","","","","","","","","","","","","","","","","","","","","","","","","","","","","","","","","","","","","","","0.1","","","","","0.1","","","","","","",
"Turkmenistan","TKM","Women who were first married by age 15 (% of women ages 20-24)","SP.M15.2024.FE.ZS","","","","","","","","","","","","","","","","","","","","","","","","","","","","","","","","","","","","","","","","","0","","","","","","","","","","","","","","","","","","","0.2","","","","",
"Latin America & the Caribbean (IDA & IBRD countries)","TLA","Women who were first married by age 15 (% of women ages 20-24)","SP.M15.2024.FE.ZS","","","","","","","","","","","","","","","","","","","","","","","","","","","","","","","","","","","","","","","","","","","","","","","","","","","","","","","","","","","","","","","","",
"Timor-Leste","TLS","Women who were first married by age 15 (% of women ages 20-24)","SP.M15.2024.FE.ZS","","","","","","","","","","","","","","","","","","","","","","","","","","","","","","","","","","","","","","","","","","","","","","","","","","","3","","","","","","2.6","","","","","","","",
"Middle East & North Africa (IDA & IBRD countries)","TMN","Women who were first married by age 15 (% of women ages 20-24)","SP.M15.2024.FE.ZS","","","","","","","","","","","","","","","","","","","","","","","","","","","","","","","","","","","","","","","","","","","","","","","","","","","","","","","","","","","","","","","","",
"Tonga","TON","Women who were first married by age 15 (% of women ages 20-24)","SP.M15.2024.FE.ZS","","","","","","","","","","","","","","","","","","","","","","","","","","","","","","","","","","","","","","","","","","","","","","","","","","","","","","","","","","","","0.4","","","","",
"South Asia (IDA & IBRD)","TSA","Women who were first married by age 15 (% of women ages 20-24)","SP.M15.2024.FE.ZS","","","","","","","","","","","","","","","","","","","","","","","","","","","","","","","","","","","","","","","","","","","","","","","","","","","","","","","","","","","","","","","","",
"Sub-Saharan Africa (IDA & IBRD countries)","TSS","Women who were first married by age 15 (% of women ages 20-24)","SP.M15.2024.FE.ZS","","","","","","","","","","","","","","","","","","","","","","","","","","","","","","","","","","","","","","","","","","","","","","","","","","","","","","","","","","","","","","","","",
"Trinidad and Tobago","TTO","Women who were first married by age 15 (% of women ages 20-24)","SP.M15.2024.FE.ZS","","","","","","","","","","","","","","","","","","","","","","","","","","","","6","","","","","","","","","","","","","","","","","","","","","","","","","","","","","","","","","","","0.7","",
"Tunisia","TUN","Women who were first married by age 15 (% of women ages 20-24)","SP.M15.2024.FE.ZS","","","","","","","","","","","","","","","","","","","","","","","","","","","","","0.5","","","","","","","","","","","","","","","","","","","","","","","","","","","","","","0","","","","","",
"Turkiye","TUR","Women who were first married by age 15 (% of women ages 20-24)","SP.M15.2024.FE.ZS","","","","","","","","","","","","","","","","","","","","","","","","","","","","","","","","","","4.7","","","","","4.2","","","","","2.2","","","","","2.5","","","","","1.1","","","","","2","","","","","",
"Tuvalu","TUV","Women who were first married by age 15 (% of women ages 20-24)","SP.M15.2024.FE.ZS","","","","","","","","","","","","","","","","","","","","","","","","","","","","","","","","","","","","","","","","","","","","","","","","","","","","","","","","","","","","","0","","","",
"Tanzania","TZA","Women who were first married by age 15 (% of women ages 20-24)","SP.M15.2024.FE.ZS","","","","","","","","","","","","","","","","","","","","","","","","","","","","","","","","","7.2","","","","7.3","","","6.4","","","","","7","6.4","","","5.9","","6.6","","5.3","","","","5.2","","","","","","5.2","",
"Uganda","UGA","Women who were first married by age 15 (% of women ages 20-24)","SP.M15.2024.FE.ZS","","","","","","","","","","","","","","","","","","","","","","","","","","","","","","17.8","","","","","","15.1","","","","","","15.2","","","","16.6","12.3","","","","","9.9","","","","","7.3","","","","","","","",
"Ukraine","UKR","Women who were first married by age 15 (% of women ages 20-24)","SP.M15.2024.FE.ZS","","","","","","","","","","","","","","","","","","","","","","","","","","","","","","","","","","","","","","","","","","","","","","","","0.2","","","","","0.1","","","","","","","","","","","",
"Upper middle income","UMC","Women who were first married by age 15 (% of women ages 20-24)","SP.M15.2024.FE.ZS","","","","","","","","","","","","","","","","","","","","","","","","","","","","","","","","","","","","","","","","","","","","","","","","","","","","","","","","","","","","","","","","",
"Uruguay","URY","Women who were first married by age 15 (% of women ages 20-24)","SP.M15.2024.FE.ZS","","","","","","","","","","","","","","","","","","","","","","","","","","","","","","","","","","","","","","","","","","","","","","","","","","","","","","0.7","","","","","","","","","","",
"United States","USA","Women who were first married by age 15 (% of women ages 20-24)","SP.M15.2024.FE.ZS","","","","","","","","","","","","","","","","","","","","","","","","","","","","","","","","","","","","","","","","","","","","","","","","","","","","","","","","","","","","","","","","",
"Uzbekistan","UZB","Women who were first married by age 15 (% of women ages 20-24)","SP.M15.2024.FE.ZS","","","","","","","","","","","","","","","","","","","","","","","","","","","","","","","","","","","","","0.4","","","","","","","","","","","","","","","","","","","","","","","","","","0.2","",
"St. Vincent and the Grenadines","VCT","Women who were first married by age 15 (% of women ages 20-24)","SP.M15.2024.FE.ZS","","","","","","","","","","","","","","","","","","","","","","","","","","","","","","","","","","","","","","","","","","","","","","","","","","","","","","","","","","","","","","","","",
"Venezuela, RB","VEN","Women who were first married by age 15 (% of women ages 20-24)","SP.M15.2024.FE.ZS","","","","","","","","","","","","","","","","","","","","","","","","","","","","","","","","","","","","","","","","","","","","","","","","","","","","","","","","","","","","","","","","",
"British Virgin Islands","VGB","Women who were first married by age 15 (% of women ages 20-24)","SP.M15.2024.FE.ZS","","","","","","","","","","","","","","","","","","","","","","","","","","","","","","","","","","","","","","","","","","","","","","","","","","","","","","","","","","","","","","","","",
"Virgin Islands (U.S.)","VIR","Women who were first married by age 15 (% of women ages 20-24)","SP.M15.2024.FE.ZS","","","","","","","","","","","","","","","","","","","","","","","","","","","","","","","","","","","","","","","","","","","","","","","","","","","","","","","","","","","","","","","","",
"Viet Nam","VNM","Women who were first married by age 15 (% of women ages 20-24)","SP.M15.2024.FE.ZS","","","","","","","","","","","","","","","","","","","","","","","","","","","","","","","","","","","","","","0.9","","","","","0.7","","","0.5","","","","","","","","","","","","","","","","1.1","","",
"Vanuatu","VUT","Women who were first married by age 15 (% of women ages 20-24)","SP.M15.2024.FE.ZS","","","","","","","","","","","","","","","","","","","","","","","","","","","","","","","","","","","","","","","","","","","","","","","","","","","","","","2.5","","","","","","","","","","",
"World","WLD","Women who were first married by age 15 (% of women ages 20-24)","SP.M15.2024.FE.ZS","","","","","","","","","","","","","","","","","","","","","","","","","","","","","","","","","","","","","","","","","","","","","","","","","","","","","","","","","","","","","","","","",
"Samoa","WSM","Women who were first married by age 15 (% of women ages 20-24)","SP.M15.2024.FE.ZS","","","","","","","","","","","","","","","","","","","","","","","","","","","","","","","","","","","","","","","","","","","","","","","","","","","","","","","","","","","","","0.9","","","",
"Kosovo","XKX","Women who were first married by age 15 (% of women ages 20-24)","SP.M15.2024.FE.ZS","","","","","","","","","","","","","","","","","","","","","","","","","","","","","","","","","","","","","","","","","","","","","","","","","","","","","","","","","","","","","","","","",
"Yemen, Rep.","YEM","Women who were first married by age 15 (% of women ages 20-24)","SP.M15.2024.FE.ZS","","","","","","","","","","","","","","","","","","","","","","","","","","","","","","","","","20.4","","","","","14","","","","","","","","","","","","","","","","9.4","","","","","","","","","","6.5",
"South Africa","ZAF","Women who were first married by age 15 (% of women ages 20-24)","SP.M15.2024.FE.ZS","","","","","","","","","","","","","","","","","","","","","","","","","","","","","","","","","","","","","","","1.1","","","","","","","","","","","","","","","","","","0.9","","","","","","","",
"Zambia","ZMB","Women who were first married by age 15 (% of women ages 20-24)","SP.M15.2024.FE.ZS","","","","","","","","","","","","","","","","","","","","","","","","","","","","","","","","","9","","","","8.9","","","","","","7.8","","","","","8.5","","","","","","","5.9","","","","5.2","","","","","",
"Zimbabwe","ZWE","Women who were first married by age 15 (% of women ages 20-24)","SP.M15.2024.FE.ZS","","","","","","","","","","","","","","","","","","","","","","","","","","","","","6.7","","","","","","6.4","","","","","4.6","","","","","","","4.6","","","","","3.9","","","","3.7","","","","5.4","","","","",
